question_id,section,domain,skill,difficulty_1_10,question_type,passage_or_prompt,question,choice_a,choice_b,choice_c,choice_d,estimated_time_sec,target_score_band,source_type,correct_answer,correct_choice_text,explanation,common_trap,primary_error_tag,secondary_error_tag
RW-001,Reading and Writing,Information and Ideas,Main idea / synthesis,6,Passage analysis,"City planners once assumed that adding lanes to congested highways would permanently reduce traffic. 
Recent studies, however, suggest that widening roads often encourages more people to drive, eventually restoring congestion to earlier levels.",What is the central claim of the passage?,Widening highways usually lowers congestion for many decades.,Traffic studies should focus on public transit rather than highways.,Adding highway lanes can produce only temporary congestion relief.,Most city planners now oppose any highway expansion.,90,1450+,original_sat_style,C,Adding highway lanes can produce only temporary congestion relief.,"The passage says widening roads often leads to more driving and congestion returning, so any relief is temporary.",Choice A ignores the passage's point that congestion often returns.,main_idea,overstated_claim
RW-002,Reading and Writing,Information and Ideas,Inference,7,Passage analysis,"In a trial, students who reviewed vocabulary in spaced intervals remembered more words after four weeks than students who reviewed the same number of words in a single long session. 
The researchers noted that the spaced-review group also reported feeling less mentally fatigued.",Which inference is best supported by the passage?,Spaced review may improve retention while reducing fatigue.,Students learn vocabulary best when they study alone.,Long study sessions are ineffective for all subjects.,The spaced-review group studied for more total time.,90,1450+,original_sat_style,A,Spaced review may improve retention while reducing fatigue.,The passage directly reports both stronger retention and lower fatigue for the spaced-review group.,"Choice C goes too far because the study discussed vocabulary, not all subjects.",inference,scope_shift
RW-003,Reading and Writing,Information and Ideas,Evidence support,6,Passage analysis,A marine biologist argues that restoring oyster reefs can improve coastal water quality because oysters filter large volumes of water as they feed.,Which finding would most directly support the biologist's claim?,Tourists prefer beaches with fewer visible rocks.,Areas with restored oyster reefs showed lower concentrations of suspended particles.,Some oyster species can survive in both saltwater and brackish water.,Coastal towns often depend on fishing and tourism revenue.,90,1450+,original_sat_style,B,Areas with restored oyster reefs showed lower concentrations of suspended particles.,"If restored reefs reduce suspended particles, that directly supports the claim that oysters improve water quality by filtering water.",Choice C may be true but does not show improved water quality.,evidence,relevance
RW-004,Reading and Writing,Information and Ideas,Textual relationship,7,Passage analysis,"Historian A argues that a series of unsigned pamphlets influenced a labor movement because key slogans from the pamphlets later appeared in workers' speeches. 
Historian B counters that the slogans were already common in local newspapers before the pamphlets circulated.","If Historian B is correct, Historian B's point most directly",confirms that the pamphlets were widely read by workers.,suggests the pamphlets may not have originated the slogans.,proves the speeches were written by newspaper editors.,shows that workers preferred newspapers to pamphlets.,90,1450+,original_sat_style,B,suggests the pamphlets may not have originated the slogans.,"If the slogans already appeared in newspapers, then the pamphlets may not have been the source of those slogans.",Choice A confuses circulation with origin.,text_relationship,causation
RW-005,Reading and Writing,Information and Ideas,Data interpretation,7,Quantitative text,"A school compared average commute times before and after changing bus routes. Before the change, the average commute was 41 minutes. After the change, it was 34 minutes, while the percentage of students riding the bus remained nearly the same.",Which statement is best supported by the information?,The route change likely reduced average commute time for bus riders.,More students began walking to school after the route change.,The school should shorten the school day by seven minutes.,Students on every route experienced the same reduction in commute time.,90,1450+,original_sat_style,A,The route change likely reduced average commute time for bus riders.,"The average bus commute dropped from 41 to 34 minutes while bus ridership stayed about the same, supporting the conclusion that the route change likely helped bus riders on average.",Choice D makes an unjustified claim about every route.,data_interpretation,unwarranted_precision
RW-006,Reading and Writing,Information and Ideas,Weaken the claim,8,Passage analysis,A startup claims that its new note-taking app increases worker productivity because employees who used the app completed more tasks during a one-week pilot program than employees who did not use it.,Which additional information would most weaken the startup's claim?,Employees could customize the app's visual theme.,The employees using the app were assigned fewer and shorter tasks during the pilot.,Some employees preferred taking notes by hand.,The company plans to release a mobile version of the app.,90,1450+,original_sat_style,B,The employees using the app were assigned fewer and shorter tasks during the pilot.,"If the app users had fewer and shorter tasks, their higher completion count may not reflect higher productivity caused by the app.","Choice C is about preference, not whether the app caused the result.",weaken_argument,confounding_variable
RW-007,Reading and Writing,Information and Ideas,Main purpose,6,Passage analysis,"When a local library extended its evening hours, attendance at adult literacy workshops increased sharply. The library director now argues that scheduling, not lack of interest, had been the primary barrier to participation.",What is the main purpose of the passage?,To describe evidence supporting an explanation for low workshop participation,To criticize a library director's decision to extend evening hours,To compare literacy workshops offered by different libraries,To prove that adult literacy programs should be mandatory,90,1450+,original_sat_style,A,To describe evidence supporting an explanation for low workshop participation,The passage presents a result—attendance increased after evening hours were added—to support the explanation that scheduling had been the real barrier.,Choice B misreads the tone; the passage is not critical.,purpose,tone
RW-008,Reading and Writing,Information and Ideas,Logical completion,7,Passage analysis,Researchers studying urban heat islands found that neighborhoods with denser tree cover had lower afternoon surface temperatures than nearby areas with similar building density but less shade.,Which choice most logically completes the text?,Trees may help reduce urban heat even when neighborhood density is similar.,Building density has no effect on surface temperature.,Tree cover is easier to increase than housing supply.,Afternoon temperature is the only measure relevant to urban planning.,90,1450+,original_sat_style,A,Trees may help reduce urban heat even when neighborhood density is similar.,"The study compared similarly dense neighborhoods and found cooler temperatures where there was more tree cover, supporting the idea that trees can reduce urban heat.",Choice B is too absolute and not supported by the comparison.,logical_completion,overgeneralization
RW-009,Reading and Writing,Information and Ideas,Reconciling evidence,8,Passage analysis,"Study 1 found that households given real-time electricity-use displays reduced energy consumption by 6% over three months. 
Study 2 found no reduction after households received monthly printed summaries of electricity use.",Which statement best reconciles the findings?,Households dislike receiving any information about electricity use.,"Frequent, immediate feedback may influence behavior more than delayed summaries do.",Electricity consumption cannot be reduced through consumer choices.,The households in Study 1 probably paid lower utility rates.,90,1450+,original_sat_style,B,"Frequent, immediate feedback may influence behavior more than delayed summaries do.","The studies differ mainly in the timing and immediacy of feedback, so the best reconciliation is that real-time information may be more effective than monthly summaries.",Choice D is speculation not mentioned in the studies.,reconcile_evidence,unsupported_assumption
RW-010,Reading and Writing,Information and Ideas,Inference from contrast,7,Passage analysis,"Although the novelist is best known for her later political essays, her early notebooks show a sustained interest in color, texture, and rhythm—features that would later shape the vivid prose style of those essays.",Which inference is best supported by the passage?,The novelist abandoned all interest in aesthetics when she began writing political essays.,The novelist's later prose style was influenced by concerns present in her early work.,The early notebooks were more politically effective than the later essays.,Critics value the novelist's notebooks more than her essays.,90,1450+,original_sat_style,B,The novelist's later prose style was influenced by concerns present in her early work.,The passage states that features in the early notebooks would later shape the prose style of the political essays.,Choice A directly contradicts the passage.,inference,contrast_misread
RW-011,Reading and Writing,Craft and Structure,Words in context,6,Vocabulary in context,"By publishing preliminary findings before the larger study was complete, the research team hoped to spark discussion rather than present a final, authoritative account.","As used in the text, ""authoritative"" most nearly means",punitive,conclusive,popular,lengthy,90,1450+,original_sat_style,B,conclusive,"In context, 'authoritative' contrasts with preliminary findings and refers to something final or conclusive.",Choice C mistakes authority for popularity.,vocab_in_context,context_clue
RW-012,Reading and Writing,Craft and Structure,Function of sentence,7,Rhetorical purpose,"Many desert plants appear fragile, yet several survive months without rain. One reason is that they open their stomata at night rather than during the day, limiting water loss in intense heat.",What function does the second sentence serve in the text?,It offers an example explaining how desert plants survive.,It presents a counterargument to the first sentence.,It defines a term introduced much earlier in the passage.,It shifts the discussion from plants to weather patterns.,90,1450+,original_sat_style,A,It offers an example explaining how desert plants survive.,"The second sentence explains one mechanism—opening stomata at night—that helps desert plants survive, so it serves as an explanatory example.",Choice B is wrong because the second sentence supports rather than opposes the first.,function,support_vs_counter
RW-013,Reading and Writing,Craft and Structure,Text structure,7,Passage structure,Paragraph 1 describes an architect's original plan for a public square. Paragraph 2 explains why residents objected to that plan. Paragraph 3 describes how the architect revised the design after receiving community feedback.,Which choice best describes the overall structure of the text?,"A proposal is presented, challenged, and then modified.",A problem is solved before it is fully defined.,A theory is proposed and then disproved by experiment.,Two unrelated design concepts are compared.,90,1450+,original_sat_style,A,"A proposal is presented, challenged, and then modified.","The text moves from original plan to objections to revision, so it presents, challenges, and modifies a proposal.","Choice C introduces experimentation, which the description does not mention.",text_structure,sequence
RW-014,Reading and Writing,Craft and Structure,Paired texts,8,Cross-text synthesis,"Text 1: Some economists argue that four-day workweeks can increase productivity by reducing burnout. 
Text 2: A manufacturing consultant notes that four-day schedules are harder to implement in factories that rely on continuous machine operation.",Which statement best describes a relationship between the texts?,"Text 1 argues that four-day workweeks always lower output, while Text 2 argues the opposite.","Text 1 presents a potential benefit of four-day workweeks, while Text 2 identifies a practical limitation.",Both texts claim that four-day workweeks are easy to adopt in manufacturing.,Both texts reject changes to traditional work schedules.,90,1450+,original_sat_style,B,"Text 1 presents a potential benefit of four-day workweeks, while Text 2 identifies a practical limitation.","Text 1 emphasizes a benefit, while Text 2 points out a context in which implementation is difficult.",Choice A reverses Text 1's claim.,paired_texts,compare_contrast
RW-015,Reading and Writing,Craft and Structure,Words in context,7,Vocabulary in context,"The editor did not reject the proposal outright; instead, she tempered her criticism by noting several strengths before suggesting major revisions.","As used in the text, ""tempered"" most nearly means",softened,heated,sharpened,concealed,90,1450+,original_sat_style,A,softened,"In context, the editor moderated or softened her criticism by acknowledging strengths first.",Choice C is the opposite of the contextual meaning.,vocab_in_context,opposite_choice
RW-016,Reading and Writing,Craft and Structure,Author's purpose,7,Rhetorical purpose,"""The river is not merely a border on the map,"" the mayor said. ""It is the reason this town exists.""",The quotation primarily serves to,supply technical evidence about river pollution levels,emphasize the river's symbolic and historical importance to the town,argue that the mayor opposes all new construction near the river,show that the mayor disagrees with the town's residents,90,1450+,original_sat_style,B,emphasize the river's symbolic and historical importance to the town,The quotation elevates the river beyond geography and underscores its importance to the town's identity and history.,Choice A mistakes a symbolic remark for technical evidence.,purpose,figurative_language
RW-017,Reading and Writing,Craft and Structure,Tone / implication,6,Passage analysis,"The critic praised the film's ambition but noted that its final act was ""so determined to explain itself that it left little room for mystery.""",Which choice best captures the critic's view of the film's ending?,It is exciting because it introduces several unanswered questions.,It is confusing because it withholds too much information.,It is overly explicit and therefore less intriguing.,It is unrealistic and therefore unintentionally funny.,90,1450+,original_sat_style,C,It is overly explicit and therefore less intriguing.,"The critic says the ending explains itself too much, leaving little room for mystery, so it is overly explicit and less intriguing.",Choice B says the opposite of the critic's complaint.,tone,paraphrase
RW-018,Reading and Writing,Craft and Structure,Transition of idea,7,Paragraph development,"Scientists once believed that all dinosaurs were scaly reptiles. New fossil evidence, ______, suggests that many species had feather-like structures.",Which choice most logically completes the text?,for instance,however,meanwhile,therefore,90,1450+,original_sat_style,B,however,"The second sentence contrasts with the earlier belief, so 'however' is the most logical transition.","Choice A introduces an example, not a contrast.",transition_logic,logical_relationship
RW-019,Reading and Writing,Craft and Structure,Paired texts disagreement,8,Cross-text synthesis,"Text 1: A botanist argues that introducing native wildflowers to urban medians can support pollinators with minimal maintenance. 
Text 2: A transportation official argues that tall plantings in medians can reduce driver visibility and should therefore be limited.",On which point would the authors most likely disagree?,Whether pollinators benefit from access to flowering plants,Whether urban medians can serve ecological functions,Whether plantings in medians should be expanded broadly,Whether transportation officials influence roadside design,90,1450+,original_sat_style,C,Whether plantings in medians should be expanded broadly,"The botanist supports planting wildflowers in medians, while the transportation official argues such plantings should be limited because of visibility concerns.","Choice A is less clearly disputed; the official's concern is visibility, not pollinator biology.",paired_texts,disagreement
RW-020,Reading and Writing,Craft and Structure,Interpretive nuance,7,Vocabulary in context,"Because the archive contains only fragments of the original manuscript, scholars must be cautious about drawing sweeping conclusions from it.","As used in the text, ""sweeping"" most nearly means",broad,careless,elegant,temporary,90,1450+,original_sat_style,A,broad,"In context, 'sweeping conclusions' means broad or far-reaching conclusions.","Choice B may sound plausible, but the phrase specifically emphasizes scope.",vocab_in_context,idiom
RW-021,Reading and Writing,Expression of Ideas,Transitions,6,Revision,"The lab's new sensor is inexpensive to manufacture. ______, it can detect leaks earlier than the previous model.",Which choice completes the text with the most logical transition?,"Similarly,","In contrast,","Moreover,","Instead,",90,1450+,original_sat_style,C,"Moreover,","The second sentence adds another advantage of the sensor, so 'Moreover' is the best transition.","Choice A implies similarity, but the relationship is additive.",transition,additive_logic
RW-022,Reading and Writing,Expression of Ideas,Sentence placement,7,Revision,"(1) The museum recently digitized thousands of photographs from its collection. 
(2) The project allows researchers to search the archive remotely. 
(3) Many of the photographs had previously been available only to visitors who could examine them in person. 
(4) As a result, scholars from other countries can now study the collection more easily.",Where should sentence 3 be placed to best improve the paragraph?,Before sentence 1,After sentence 1,After sentence 2,After sentence 4,90,1450+,original_sat_style,C,After sentence 2,Sentence 3 gives the prior condition—access only in person—so placing it after sentence 2 sets up sentence 4's result clearly.,Choice B disrupts the flow before the digitization project's benefits are introduced.,sentence_placement,paragraph_coherence
RW-023,Reading and Writing,Expression of Ideas,Combining sentences,7,Revision,The composer revised the score several times. The final version was shorter and more rhythmically complex.,Which choice most effectively combines the sentences?,"The composer revised the score several times, and the final version was shorter and more rhythmically complex.","The composer revised the score several times, shorter and more rhythmically complex.","The final version was shorter and more rhythmically complex, and the composer revised the score several times because of it.","Several times the composer revised the score, and shorter and more rhythmically complex was the final version.",90,1450+,original_sat_style,A,"The composer revised the score several times, and the final version was shorter and more rhythmically complex.",Choice A is grammatically correct and preserves both ideas clearly and concisely.,Choice B creates a dangling phrase without a clear verb structure.,combining_sentences,grammar_clarity
RW-024,Reading and Writing,Expression of Ideas,Using notes,7,Synthesis from notes,"Notes:
• The solar car race began in 1987.
• Teams design vehicles powered primarily by sunlight.
• The race has helped engineers test lightweight materials and battery systems.
• Some technologies from race vehicles later influenced commercial design.",The student wants to emphasize the race's value as a testing ground for innovation. Which choice best uses information from the notes to accomplish this goal?,"The solar car race, which began in 1987, features teams that design vehicles powered primarily by sunlight.","Since 1987, the solar car race has served as a proving ground where engineers test lightweight materials and battery systems that can later influence commercial vehicle design.","Commercial vehicle design has changed over time, and some races also use sunlight as a power source.","Teams in the solar car race design unusual vehicles, and many races have been held since 1987.",90,1450+,original_sat_style,B,"Since 1987, the solar car race has served as a proving ground where engineers test lightweight materials and battery systems that can later influence commercial vehicle design.",Choice B best emphasizes the race as a testing ground by focusing on engineers testing materials and battery systems that later affect commercial design.,Choice A is accurate but does not focus on innovation or testing value.,use_notes,goal_alignment
RW-025,Reading and Writing,Expression of Ideas,Topic sentence,6,Revision,"A paragraph explains that a city's new rain gardens absorb stormwater, reduce street flooding, and filter runoff before it enters nearby streams.",Which choice is the most effective topic sentence for the paragraph?,Rain gardens are an increasingly common feature in many cities.,The city installed rain gardens because residents enjoy new landscaping.,The city's new rain gardens provide several environmental benefits.,Streams near cities can become polluted after storms.,90,1450+,original_sat_style,C,The city's new rain gardens provide several environmental benefits.,"The paragraph describes multiple benefits, so the best topic sentence introduces those benefits broadly.",Choice A is too general and does not preview the paragraph's specific focus.,topic_sentence,scope_match
RW-026,Reading and Writing,Expression of Ideas,Logical order,7,Revision,"A student wrote the following sentences:
(1) Engineers first tested the bridge design using a scale model.
(2) They then revised the design to reduce wind resistance.
(3) After the full bridge was built, sensors were installed to monitor movement.
(4) The bridge ultimately opened to traffic in 2024.",Which sequence best reflects a logical order for the sentences?,"1, 2, 3, 4","1, 3, 2, 4","2, 1, 3, 4","3, 1, 2, 4",90,1450+,original_sat_style,A,"1, 2, 3, 4",The actions proceed logically from testing to revision to construction/monitoring to opening.,"Choice B places monitoring after full construction before revision, which is illogical.",logical_order,chronology
RW-027,Reading and Writing,Expression of Ideas,Concluding sentence,7,Revision,"A paragraph describes how a community theater expanded free student matinees, added transportation grants for schools, and partnered with teachers to create lesson materials tied to performances.",Which choice best concludes the paragraph?,The theater was founded by volunteers in 1978.,These efforts have made it easier for more students to experience live performance as part of their education.,Many performances require elaborate costumes and set construction.,Some schools also organize field trips to museums and historic sites.,90,1450+,original_sat_style,B,These efforts have made it easier for more students to experience live performance as part of their education.,Choice B synthesizes the paragraph's details into a clear concluding idea about broader student access.,Choice A adds background rather than concluding the paragraph's main point.,conclusion,synthesis
RW-028,Reading and Writing,Expression of Ideas,Integrating quantitative information,8,Data integration,"A chart shows that a plant species reached average heights of 12 cm in low light, 19 cm in medium light, and 18 cm in high light.",Which sentence most accurately describes the data?,"The plants grew tallest in medium light, slightly taller than in high light.",Plant height increased steadily as light intensity increased.,High light produced the shortest plants.,Low light and high light produced identical average heights.,90,1450+,original_sat_style,A,"The plants grew tallest in medium light, slightly taller than in high light.","The highest average height is 19 cm in medium light, compared with 18 cm in high light and 12 cm in low light.",Choice B is wrong because height dips slightly from medium to high light.,data_integration,trend_misread
RW-029,Reading and Writing,Expression of Ideas,Precision and concision,6,Revision,The company announced plans to relocate its headquarters to a new downtown building located in the downtown area.,Which revision is most effective?,The company announced plans to relocate its headquarters to a new downtown building.,The company announced plans to relocate its headquarters to a downtown building in a downtown area.,"The company, announcing plans, relocated its headquarters to a new building that was downtown.",Plans were announced by the company to relocate its headquarters to a building located downtown in the downtown area.,90,1450+,original_sat_style,A,The company announced plans to relocate its headquarters to a new downtown building.,Choice A removes the redundant phrase 'located in the downtown area' while keeping the meaning clear.,Choice D is wordy and repeats the same idea.,concision,redundancy
RW-030,Reading and Writing,Expression of Ideas,Relevant support,7,Revision,"Claim: Community gardens can strengthen neighborhoods.
Which sentence would best support the claim?",Choose the best supporting sentence.,Many vegetables require careful watering and fertile soil.,"In one neighborhood, residents who worked in a shared garden later organized additional cleanup projects and block events.",Some gardeners prefer growing flowers rather than vegetables.,"Cities have created parks, bike lanes, and public art projects.",90,1450+,original_sat_style,B,"In one neighborhood, residents who worked in a shared garden later organized additional cleanup projects and block events.",Choice B directly supports the claim by showing how a shared garden encouraged broader community engagement.,Choice D mentions other projects but does not specifically support the claim about gardens.,supporting_detail,evidence_relevance
RW-031,Reading and Writing,Standard English Conventions,Punctuation,6,Grammar,"The robotics team won the regional competition, however, it still needed to raise money for the national event.",Which choice best corrects the sentence?,"The robotics team won the regional competition, however it still needed to raise money for the national event.","The robotics team won the regional competition; however, it still needed to raise money for the national event.",The robotics team won the regional competition however; it still needed to raise money for the national event.,"The robotics team won the regional competition, and however, it still needed to raise money for the national event.",90,1450+,original_sat_style,B,"The robotics team won the regional competition; however, it still needed to raise money for the national event.",Two independent clauses joined by the conjunctive adverb 'however' require a semicolon before 'however' and a comma after it.,Choice A leaves a comma splice.,punctuation,comma_splice
RW-032,Reading and Writing,Standard English Conventions,Subject-verb agreement,6,Grammar,"A list of emergency supplies, including flashlights and batteries, ______ stored in the cabinet near the door.",Which choice completes the text so that it conforms to Standard English conventions?,are,were,is,have been,90,1450+,original_sat_style,C,is,"The subject is 'A list,' which is singular, so the correct verb is 'is.'",Choice A incorrectly matches the plural noun 'supplies' instead of the singular subject 'list.',subject_verb_agreement,interrupter_phrase
RW-033,Reading and Writing,Standard English Conventions,Pronoun clarity,7,Grammar,"When Maya met Elena after the debate, she said the moderator's final question had been the most difficult.",Which revision best clarifies the sentence?,"When Maya met Elena after the debate, the moderator's final question had been the most difficult.","After the debate, Maya told Elena that the moderator's final question had been the most difficult.","When Maya met Elena after the debate, she had said the moderator's final question had been the most difficult.",The moderator's final question had been the most difficult when Maya met Elena after the debate.,90,1450+,original_sat_style,B,"After the debate, Maya told Elena that the moderator's final question had been the most difficult.",Choice B makes it clear that Maya is the one speaking to Elena.,Choice C still leaves 'she' ambiguous.,pronoun_clarity,ambiguous_pronoun
RW-034,Reading and Writing,Standard English Conventions,Modifier placement,7,Grammar,"Running down the trail, the rain began to fall more heavily around the hikers.",Which choice best corrects the sentence?,"Running down the trail, the rain began to fall more heavily around the hikers.","As the hikers ran down the trail, the rain began to fall more heavily around them.","The rain, running down the trail, began to fall more heavily around the hikers.","Around the hikers, running down the trail, the rain began to fall more heavily.",90,1450+,original_sat_style,B,"As the hikers ran down the trail, the rain began to fall more heavily around them.",The original sentence has a dangling modifier implying that the rain was running down the trail. Choice B correctly attaches the action to the hikers.,Choice A keeps the dangling modifier.,modifier_placement,dangling_modifier
RW-035,Reading and Writing,Standard English Conventions,Verb tense,6,Grammar,"Last year, the orchestra performs three new compositions and commissions a fourth from a local composer.",Which choice best completes the sentence so that it conforms to Standard English conventions?,performs; commissions,performed; commissioned,has performed; commissioned,was performing; commission,90,1450+,original_sat_style,B,performed; commissioned,"'Last year' sets the sentence in the past, so both verbs should be in the simple past tense: 'performed' and 'commissioned.'",Choice A uses present tense despite the past-time marker.,tense_consistency,time_marker
RW-036,Reading and Writing,Standard English Conventions,Possessives,6,Grammar,The two ______ offices were located on opposite sides of the hall.,Which choice completes the text so that it conforms to Standard English conventions?,editors,editors',editor's,editors's,90,1450+,original_sat_style,B,editors',"The offices belong to two editors, so the plural possessive form 'editors'' is correct.","Choice C is singular possessive, not plural possessive.",possessives,apostrophe
RW-037,Reading and Writing,Standard English Conventions,Colon usage,7,Grammar,"The chef relied on three ingredients for the sauce ______ tomatoes, basil, and roasted garlic.",Which choice completes the text so that it conforms to Standard English conventions?,;,:,",",— and,90,1450+,original_sat_style,B,:,A colon correctly introduces the list that follows an independent clause.,Choice C would create an incorrect splice before the list.,punctuation,colon
RW-038,Reading and Writing,Standard English Conventions,Sentence boundaries,7,Grammar,The manuscript was incomplete. Several pages were missing from the final chapter.,Which choice most effectively combines the sentences?,"The manuscript was incomplete, several pages were missing from the final chapter.","The manuscript was incomplete, with several pages missing from the final chapter.",The manuscript was incomplete; and several pages were missing from the final chapter.,"The manuscript was incomplete because several pages were missing, from the final chapter.",90,1450+,original_sat_style,B,"The manuscript was incomplete, with several pages missing from the final chapter.",Choice B combines the ideas smoothly without creating a comma splice.,Choice A incorrectly joins two independent clauses with only a comma.,sentence_boundaries,runon
RW-039,Reading and Writing,Standard English Conventions,Parallel structure,7,Grammar,"The internship helped Ana develop new coding skills, to improve her presentation style, and confidence in meetings.",Which choice best completes the sentence so that it conforms to Standard English conventions?,"to improve her presentation style, and confidence in meetings","improving her presentation style, and feeling confident in meetings","improve her presentation style, and gain confidence in meetings","improved her presentation style, and to gain confidence in meetings",90,1450+,original_sat_style,C,"improve her presentation style, and gain confidence in meetings","The series should be parallel with three infinitive-style ideas after 'helped Ana': develop, improve, and gain.",Choice A breaks the parallel structure.,parallel_structure,series_balance
RW-040,Reading and Writing,Standard English Conventions,Nonessential punctuation,8,Grammar,"The novel, published in 1928 and rediscovered decades later has recently been adapted for television.",Which choice best corrects the sentence?,"The novel, published in 1928 and rediscovered decades later, has recently been adapted for television.","The novel published in 1928, and rediscovered decades later has recently been adapted for television.","The novel published in 1928 and rediscovered decades later, has recently been adapted for television.","The novel, published in 1928, and rediscovered decades later has recently been adapted for television.",90,1450+,original_sat_style,A,"The novel, published in 1928 and rediscovered decades later, has recently been adapted for television.",The phrase 'published in 1928 and rediscovered decades later' is nonessential and should be enclosed with a matching pair of commas.,"Choice C has only one comma, so the nonessential phrase is not correctly set off.",nonessential_elements,comma_pair
M-041,Math,Algebra,Solve linear equation,5,Multiple choice,,Solve for x: 3(2x - 5) = 4x + 7,x = 11,x = 8,x = 5,x = 3.5,75,1450+,original_sat_style,A,x = 11,"Expand: 6x - 15 = 4x + 7. Subtract 4x: 2x - 15 = 7. Add 15: 2x = 22, so x = 11.","For choice B, a common mistake is adding 15 incorrectly.",algebra_steps,linear_equation
M-042,Math,Algebra,Systems of equations,6,Word problem,,A school sold 84 tickets to a play. Student tickets cost $6 and adult tickets cost $10. The total revenue was $664. How many adult tickets were sold?,24,30,40,44,90,1450+,original_sat_style,C,40,"Let s be student tickets and a be adult tickets. Then s + a = 84 and 6s + 10a = 664. Substitute s = 84 - a: 6(84 - a) + 10a = 664. This gives 504 - 6a + 10a = 664, so 4a = 160 and a = 40.",A common error is subtracting 504 from 664 incorrectly or forgetting to divide by 4.,system_setup,substitution
M-043,Math,Algebra,Linear function from table,6,Table,"x: 1, 3, 5
f(x): 7, 13, 19",Which equation defines f(x)?,f(x) = 3x + 4,f(x) = 2x + 5,f(x) = 6x + 1,f(x) = x + 6,75,1450+,original_sat_style,A,f(x) = 3x + 4,"As x increases by 2, f(x) increases by 6, so the slope is 3. Using point (1,7): 7 = 3(1) + b, so b = 4. Therefore f(x) = 3x + 4.",Choice B uses the correct y-intercept from the first point only if the slope is misread.,slope_from_table,linear_model
M-044,Math,Algebra,Solve inequality,6,Multiple choice,,Which solution set satisfies 5 - 2x > 11?,x > -3,x < -3,x > 3,x < 3,60,1450+,original_sat_style,B,x < -3,Subtract 5 from both sides: -2x > 6. Divide by -2 and reverse the inequality: x < -3.,The common trap is forgetting to reverse the inequality when dividing by a negative number.,inequality_sign,linear_inequality
M-045,Math,Algebra,Rearranging formulas,6,Multiple choice,,"For the formula P = 2L + 2W, which expression gives W in terms of P and L?",W = P - 2L,W = (P - 2L)/2,W = P/2 - L/2,W = 2P - L,75,1450+,original_sat_style,B,W = (P - 2L)/2,"Subtract 2L from both sides to get P - 2L = 2W, then divide by 2: W = (P - 2L)/2.","Choice C does not simplify correctly from the formula because P/2 - L/2 equals (P - L)/2, not (P - 2L)/2.",formula_rearrangement,isolation
M-046,Math,Algebra,Linear relationship,7,Multiple choice,,"A line passes through the points (2, -1) and (6, 11). What is the slope of the line?",2,3,4,6,45,1450+,original_sat_style,B,3,Slope = (11 - (-1)) / (6 - 2) = 12/4 = 3.,Choice C comes from dividing 12 by 3 instead of by 4.,slope,coordinate_plane
M-047,Math,Algebra,Equation of a line,7,Multiple choice,,"What is the equation of the line that passes through (4, 3) and has slope -2?",y = -2x + 11,y = -2x - 5,y = 2x - 5,y = -x + 7,75,1450+,original_sat_style,A,y = -2x + 11,"Use y = mx + b with m = -2. Substitute point (4,3): 3 = -2(4) + b = -8 + b, so b = 11. Thus y = -2x + 11.",Choice B uses the correct slope but wrong intercept.,point_slope,line_equation
M-048,Math,Algebra,Systems classification,7,Multiple choice,,Consider the system y = 3x + 2 and 6x - 2y = -4. How many solutions does the system have?,0,1,2,Infinitely many,60,1450+,original_sat_style,D,Infinitely many,"Rewrite the second equation: 6x - 2y = -4 -> divide by -2 gives y = 3x + 2. The equations represent the same line, so there are infinitely many solutions.",Choice B would be correct only if the lines had different slopes.,system_classification,equivalent_equations
M-049,Math,Algebra,Function notation,5,Multiple choice,,"If f(x) = 4x - 7, what is f(5)?",13,20,27,-27,45,1450+,original_sat_style,A,13,Substitute x = 5: f(5) = 4(5) - 7 = 20 - 7 = 13.,Choice B comes from forgetting to subtract 7.,function_notation,substitution
M-050,Math,Algebra,Word problem,7,Multiple choice,,"A gym charges a one-time registration fee of $25 plus $18 per month. Which equation gives the total cost C, in dollars, after m months?",C = 25m + 18,C = 18m + 25,C = 43m,C = 18 + 25m,45,1450+,original_sat_style,B,C = 18m + 25,"The one-time fee is the constant term 25, and the monthly cost is 18 multiplied by the number of months m.",Choice A reverses the roles of the constant fee and the monthly rate.,modeling,linear_word_problem
M-051,Math,Advanced Math,Quadratic factorization,6,Multiple choice,,What are the solutions to x^2 - 5x + 6 = 0?,x = -2 and x = -3,x = 2 and x = 3,x = 1 and x = 6,x = -1 and x = -6,60,1450+,original_sat_style,B,x = 2 and x = 3,Factor: x^2 - 5x + 6 = (x - 2)(x - 3). Setting each factor to zero gives x = 2 and x = 3.,"Choice C uses numbers that multiply to 6 but add to 7, not 5.",quadratic_factoring,roots
M-052,Math,Advanced Math,Vertex form,7,Multiple choice,,Which expression is equivalent to x^2 - 6x + 13?,(x - 3)^2 + 4,(x - 3)^2 - 4,(x + 3)^2 + 4,(x + 3)^2 - 4,75,1450+,original_sat_style,A,(x - 3)^2 + 4,Complete the square: x^2 - 6x + 13 = x^2 - 6x + 9 + 4 = (x - 3)^2 + 4.,"Choice B forgets that adding 9 requires adjusting with +4, not -4.",complete_the_square,vertex_form
M-053,Math,Advanced Math,Exponential growth,7,Multiple choice,,"A bacteria culture doubles every 3 hours. If it starts with 120 bacteria, how many bacteria will there be after 9 hours?",360,480,960,"1,920",60,1450+,original_sat_style,C,960,"Nine hours is three doubling periods, so multiply by 2^3 = 8. Then 120 × 8 = 960.",Choice D comes from mistakenly treating 9 hours as four doubling periods.,exponential_growth,repeated_multiplication
M-054,Math,Advanced Math,Polynomial operations,7,Multiple choice,,What is (2x - 3)(x + 5)?,2x^2 + 7x - 15,2x^2 + 10x - 3,2x^2 - 7x - 15,2x^2 + 13x + 15,60,1450+,original_sat_style,A,2x^2 + 7x - 15,"Multiply each term: 2x·x = 2x^2, 2x·5 = 10x, -3·x = -3x, and -3·5 = -15. Combine like terms: 2x^2 + 7x - 15.",Choice B forgets to combine the middle terms correctly.,polynomial_multiplication,FOIL
M-055,Math,Advanced Math,Rational equations,8,Multiple choice,,Solve for x: 3/x = 12/(x + 6),x = 2,x = 3,x = 6,x = 8,75,1450+,original_sat_style,A,x = 2,"Cross-multiply: 3(x + 6) = 12x. Then 3x + 18 = 12x, so 18 = 9x and x = 2. This value is allowed because x cannot be 0 or -6.",A common mistake is to forget the restricted values or to subtract 3x incorrectly.,cross_multiplication,restricted_values
M-056,Math,Advanced Math,Radical equations,8,Multiple choice,,Solve for x: √(x + 9) = x - 3,5,6,7,9,90,1450+,original_sat_style,C,7,"Because the right side must be nonnegative, x ≥ 3. Square both sides: x + 9 = (x - 3)^2 = x^2 - 6x + 9. Rearranging gives x^2 - 7x = 0, so x = 0 or x = 7. Only x = 7 checks in the original equation.",A common mistake is keeping x = 0 without checking for an extraneous solution after squaring.,radical_equation,extraneous_solution
M-057,Math,Advanced Math,Quadratic modeling,8,Word problem,,A rectangular garden has area 48 square feet. Its length is 2 feet greater than its width. What is the width of the garden?,4,6,8,10,90,1450+,original_sat_style,B,6,"Let the width be w, so the length is w + 2. Then w(w + 2) = 48, so w^2 + 2w - 48 = 0. Factor: (w + 8)(w - 6) = 0, giving w = 6 or w = -8. Width must be positive, so the width is 6.",Choice A comes from using a sum of 48 instead of a product of 48.,quadratic_modeling,positive_constraint
M-058,Math,Advanced Math,Function composition,8,Multiple choice,,"If f(x) = 2x + 1 and g(x) = x^2, what is f(g(3))?",7,10,19,37,60,1450+,original_sat_style,C,19,First compute g(3) = 3^2 = 9. Then f(9) = 2(9) + 1 = 19.,Choice D can result from composing in the wrong order and computing g(f(3)).,function_composition,order_of_operations
M-059,Math,Advanced Math,Equivalent expressions,7,Multiple choice,,Which expression is equivalent to (x^2 - 9)/(x - 3) for x ≠ 3?,x - 6,x + 3,x^2 - 3,x + 6,60,1450+,original_sat_style,B,x + 3,"Factor the numerator: x^2 - 9 = (x - 3)(x + 3). For x ≠ 3, the expression simplifies to x + 3.",Choice A comes from subtracting instead of factoring the difference of squares correctly.,rational_simplification,factoring
M-060,Math,Advanced Math,Exponential equation,8,Multiple choice,,"If 2^(x+1) = 32, what is the value of x?",3,4,5,6,45,1450+,original_sat_style,B,4,"Since 32 = 2^5, set x + 1 = 5. Therefore x = 4.",Choice C comes from matching x directly to the exponent on 32 without accounting for +1.,exponent_rules,solving_exponential
M-061,Math,Problem-Solving and Data Analysis,Mean,5,Multiple choice,,"The average of five numbers is 18. If four of the numbers are 12, 17, 19, and 21, what is the fifth number?",15,18,21,31,60,1450+,original_sat_style,C,21,"If the average of five numbers is 18, their total is 5 × 18 = 90. The four known numbers sum to 69, so the fifth number is 90 - 69 = 21.",Choice D can come from adding instead of subtracting.,mean,arithmetic
M-062,Math,Problem-Solving and Data Analysis,Probability,6,Multiple choice,,"A bag contains 5 red marbles, 3 blue marbles, and 2 green marbles. If one marble is chosen at random, what is the probability that it is blue?",3/10,1/3,3/8,2/5,45,1450+,original_sat_style,A,3/10,"There are 10 marbles total, and 3 of them are blue, so the probability is 3/10.",Choice C uses the blue marbles over only red-plus-blue marbles instead of all marbles.,probability,sample_space
M-063,Math,Problem-Solving and Data Analysis,Ratios,6,Multiple choice,,"In a recipe, the ratio of cups of flour to cups of sugar is 5:2. If the recipe uses 15 cups of flour, how many cups of sugar does it use?",5,6,7.5,10,45,1450+,original_sat_style,B,6,"If 5 parts of flour correspond to 15 cups, then each part is 3 cups. Sugar is 2 parts, so 2 × 3 = 6 cups.",Choice A treats the ratio numbers as direct amounts without scaling.,ratios,proportions
M-064,Math,Problem-Solving and Data Analysis,Percent increase,6,Multiple choice,,A jacket's price increased from $80 to $92. What was the percent increase?,12%,15%,18%,20%,60,1450+,original_sat_style,B,15%,The increase was $12. Percent increase = 12/80 = 0.15 = 15%.,Choice A comes from dividing by the new price instead of the original price.,percent_change,baseline
M-065,Math,Problem-Solving and Data Analysis,Scatterplot interpretation,8,Multiple choice,,"A scatterplot of hours studied and test score shows a clear upward trend, but the points are widely spread around the line of best fit. Which statement is best supported by this description?",Students who study more always earn the same score increase.,"There is a positive association between study time and score, but the relationship is not perfectly precise.",There is no relationship between study time and score.,The graph proves that studying is the only cause of higher scores.,60,1450+,original_sat_style,B,"There is a positive association between study time and score, but the relationship is not perfectly precise.","An upward trend indicates positive association, while wide spread means the relationship has variability and is not exact.",Choice D confuses association with proof of causation.,scatterplot_interpretation,association_vs_causation
M-066,Math,Problem-Solving and Data Analysis,Conditional probability,8,Multiple choice,,"In a class, 18 students play a sport, 12 students play an instrument, and 7 students do both. If one student is selected at random from the 18 students who play a sport, what is the probability that the student also plays an instrument?",7/30,7/18,7/12,11/18,75,1450+,original_sat_style,B,7/18,"The condition limits the sample space to the 18 students who play a sport. Of those, 7 also play an instrument, so the probability is 7/18.",Choice A incorrectly uses the total of 30 rather than the conditioned group of 18.,conditional_probability,given_that
M-067,Math,Problem-Solving and Data Analysis,Weighted average,8,Multiple choice,,A student scored 82 on a quiz worth 20% of the course grade and 94 on a project worth 30% of the course grade. What average on the remaining 50% is needed to earn an overall course average of 90?,88.0,89.6,90.8,92.0,90,1450+,original_sat_style,C,90.8,"Set up the weighted average: 0.2(82) + 0.3(94) + 0.5x = 90. This gives 16.4 + 28.2 + 0.5x = 90, so 0.5x = 45.4 and x = 90.8.",Choice D comes from rounding too early or mishandling the weighted parts.,weighted_average,equation_setup
M-068,Math,Problem-Solving and Data Analysis,Percent of percent,7,Multiple choice,,A charity received a donation that was 25% larger than last year's donation of $640. What was the new donation amount?,$720,$760,$800,$840,45,1450+,original_sat_style,C,$800,"Twenty-five percent of 640 is 160, so the new donation is 640 + 160 = 800.",Choice B comes from adding only 120 instead of 160.,percent_increase,base_amount
M-069,Math,Problem-Solving and Data Analysis,Sampling methods,8,Multiple choice,,A student wants to estimate the average number of hours students at a school spend on homework each night. Which method is most likely to produce a biased sample?,Surveying every tenth student entering the school library before classes,Surveying students in one advanced placement study hall only,Randomly selecting student ID numbers from the full school roster,Surveying students from each grade level in proportion to enrollment,60,1450+,original_sat_style,B,Surveying students in one advanced placement study hall only,Students in one advanced placement study hall are not representative of the whole school and likely spend different amounts of time on homework than average.,"Choice A may have limitations, but it is still more representative than sampling only one specialized group.",sampling_bias,representativeness
M-070,Math,Problem-Solving and Data Analysis,Median / outliers,7,Multiple choice,,"The median of the set {4, 6, 8, 10, 12} is 8. If 100 is added to the set, what is the new median?",8,9,10,12,60,1450+,original_sat_style,B,9,"The new ordered set is {4, 6, 8, 10, 12, 100}. With six numbers, the median is the average of the two middle values: (8 + 10)/2 = 9.",Choice A would be the original median and ignores the need to average the two middle values in an even-sized set.,median,outlier_effect
M-071,Math,Geometry and Trigonometry,Similar triangles,7,Multiple choice,,"Two similar triangles have corresponding side lengths in the ratio 3:5. If the shorter triangle has a side of length 12, what is the corresponding side length of the larger triangle?",15,18,20,24,45,1450+,original_sat_style,C,20,"If the scale factor from the shorter to the larger triangle is 5/3, then the corresponding side is 12 × 5/3 = 20.",Choice D can result from adding 12 and 8 instead of scaling proportionally.,similar_triangles,scale_factor
M-072,Math,Geometry and Trigonometry,Circle circumference,6,Multiple choice,,A circle has radius 7. What is its circumference?,14π,28π,49π,98π,45,1450+,original_sat_style,B,28π,"Circumference is 2πr. With r = 7, the circumference is 2π(7) = 28π.",Choice A forgets the factor of 2.,circle_formulas,circumference
M-073,Math,Geometry and Trigonometry,Right-triangle trigonometry,8,Multiple choice,,"In a right triangle, one acute angle θ has opposite side length 9 and hypotenuse 15. What is sin θ?",3/5,5/3,9/24,15/9,45,1450+,original_sat_style,A,3/5,"By definition, sin θ = opposite/hypotenuse = 9/15 = 3/5.","Choice B reverses the ratio and is greater than 1, which cannot be the sine of an acute angle.",trig_ratio,definition
M-074,Math,Geometry and Trigonometry,Area,6,Multiple choice,,What is the area of a rectangle with length 13 and width 8?,21,42,104,168,30,1450+,original_sat_style,C,104,Area of a rectangle = length × width = 13 × 8 = 104.,Choice D comes from doubling the product unnecessarily.,area,formula_use
M-075,Math,Geometry and Trigonometry,Distance formula,8,Multiple choice,,"What is the distance between the points (-1, 2) and (5, 10)?",10,8,√10,√100,75,1450+,original_sat_style,A,10,Use the distance formula: √[(5 - (-1))^2 + (10 - 2)^2] = √(6^2 + 8^2) = √100 = 10.,Choice B adds the coordinate differences incorrectly without using the formula.,distance_formula,coordinate_geometry
M-076,Math,Geometry and Trigonometry,Arc measure,7,Multiple choice,,"In a circle, a central angle measures 72°. What fraction of the circle's circumference is intercepted by the angle's arc?",1/10,1/5,2/5,4/5,45,1450+,original_sat_style,B,1/5,The fraction of the circumference is 72/360 = 1/5.,Choice C comes from dividing by 180 instead of 360.,arc_measure,fraction_of_circle
M-077,Math,Geometry and Trigonometry,Volume,7,Multiple choice,,A cylinder has radius 3 and height 10. What is its volume?,30π,60π,90π,300π,45,1450+,original_sat_style,C,90π,Volume of a cylinder is πr^2h = π(3^2)(10) = 90π.,Choice B forgets to square the radius.,volume,cylinder
M-078,Math,Geometry and Trigonometry,Perpendicular lines,8,Multiple choice,,A line has slope 4/3. What is the slope of a line perpendicular to it?,-4/3,3/4,-3/4,4/3,45,1450+,original_sat_style,C,-3/4,"Perpendicular slopes are negative reciprocals, so the slope is -3/4.",Choice A changes only the sign without taking the reciprocal.,perpendicular_slope,negative_reciprocal
M-079,Math,Geometry and Trigonometry,Angle relationships,7,Multiple choice,,Two supplementary angles are in the ratio 2:7. What is the measure of the smaller angle?,20°,30°,40°,50°,60,1450+,original_sat_style,C,40°,"Supplementary angles sum to 180°. The ratio parts total 9, so each part is 20°. The smaller angle is 2 × 20° = 40°.",Choice A comes from using one part instead of two parts.,angle_relationships,ratios
M-080,Math,Geometry and Trigonometry,Triangle angle sum,6,Multiple choice,,"In triangle ABC, angle A = 48° and angle B = 67°. What is the measure of angle C?",65°,75°,95°,115°,30,1450+,original_sat_style,A,65°,"The interior angles of a triangle sum to 180°, so angle C = 180 - 48 - 67 = 65°.",Choice B results from subtracting only one of the known angles.,triangle_sum,basic_geometry
